[ec2-user@ip-10-1-11-211 ~]# mysql -h udacityreplica.c5e4tjhkxbi8.us-east-2.rds.amazonaws.com -u admin -p
Enter password:
Welcome to the MySQL monitor.  Commands end with ; or \g.
Your MySQL connection id is 75
Server version: 8.0.20 Source distribution

Copyright (c) 2000, 2018, Oracle and/or its affiliates. All rights reserved.

Oracle is a registered trademark of Oracle Corporation and/or its
affiliates. Other names may be trademarks of their respective
owners.

Type 'help;' or '\h' for help. Type '\c' to clear the current input statement.

MySQL [(none)]> use udacity
Reading table information for completion of table and column names
You can turn off this feature to get a quicker startup with -A

Database changed
MySQL [udacity]> INSERT INTO INVESTORS (id,name,email) VALUES(1,"smartest","smartest@gmail.com");
ERROR 1290 (HY000): The MySQL server is running with the --read-only option so it cannot execute this statement
MySQL [udacity]> SELECT * FROM INVESTORS;
+------+-------+-----------------+
| id   | name  | email           |
+------+-------+-----------------+
|    1 | vick  | vick@gmail.com  |
|    1 | john  | john@gmail.com  |
|    1 | josh  | josh@gmail.com  |
+------+-------+-----------------+
3 rows in set (0.01 sec)

MySQL [udacity]> INSERT INTO INVESTORS (id,name,email) VALUES(1,"smartest","smartest@gmail.com");
ERROR 1290 (HY000): The MySQL server is running with the --read-only option so it cannot execute this statement
MySQL [udacity]> INSERT INTO INVESTORS (id,name,email) VALUES(1,"smartest","smartest@gmail.com");
ERROR 2006 (HY000): MySQL server has gone away
No connection. Trying to reconnect...
Connection id:    5
Current database: udacity

Query OK, 1 row affected (0.06 sec)

mysql> SELECT * FROM INVESTORS;
+------+----------+------------------+
| id   | name     | email            |
+------+----------+------------------+
|    1 | veeru    | veeru@gmail.com  |
|    2 | john     | john@gmail.com   |
|    3 | king     | king@gmail.com   |
|    1 | santhosh | santhosh@abc.com |
+------+----------+------------------+
4 rows in set (0.00 sec)